-- phpMyAdmin SQL Dump
-- version 4.8.4
-- https://www.phpmyadmin.net/
--
-- Host: 127.0.0.1
-- Generation Time: Feb 14, 2019 at 08:59 PM
-- Server version: 10.1.37-MariaDB
-- PHP Version: 7.0.33

SET SQL_MODE = "NO_AUTO_VALUE_ON_ZERO";
SET AUTOCOMMIT = 0;
START TRANSACTION;
SET time_zone = "+00:00";

--
-- Database: `e2f10`
--

-- --------------------------------------------------------

--
-- Table structure for table `alternativa`
--

CREATE TABLE `alternativa` (
  `id` int(11) NOT NULL,
  `id_item` int(11) NOT NULL,
  `descricao` varchar(200) NOT NULL
) ENGINE=InnoDB DEFAULT CHARSET=latin1;

--
-- Dumping data for table `alternativa`
--

INSERT INTO `alternativa` (`id`, `id_item`, `descricao`) VALUES
(1, 2, 'Sim'),
(2, 2, 'Não'),
(3, 1, 'Sim'),
(4, 1, 'Não'),
(5, 3, 'Sim'),
(6, 3, 'Não'),
(7, 5, 'Sim'),
(8, 5, 'Não'),
(9, 6, 'Sim'),
(10, 6, 'Não'),
(11, 7, 'Sim'),
(12, 7, 'Não'),
(13, 8, 'Sim'),
(14, 8, 'Não'),
(15, 9, 'Sim'),
(16, 9, 'Não'),
(17, 10, 'Sim'),
(18, 10, 'Não'),
(19, 11, 'Sim'),
(20, 11, 'Não'),
(21, 12, 'Eletivo'),
(22, 12, 'Urgência/Emergência'),
(23, 13, 'VJD'),
(24, 13, 'VJE'),
(25, 13, 'VCSD'),
(26, 13, 'VCSE'),
(27, 13, 'VFD'),
(28, 13, 'VFE'),
(29, 14, 'Mono'),
(30, 14, 'Duplo'),
(31, 14, 'Triplo'),
(32, 14, 'Epicutâneo'),
(33, 15, 'Sim'),
(34, 15, 'Não'),
(35, 16, 'Sim'),
(36, 16, 'Não'),
(37, 17, 'Sim'),
(38, 17, 'Não'),
(39, 18, 'Sim'),
(40, 18, 'Não'),
(41, 19, 'Sim'),
(42, 19, 'Não'),
(43, 20, 'Sim'),
(44, 20, 'Não'),
(45, 21, 'VJD'),
(46, 21, 'VJE'),
(47, 21, 'VCSD'),
(48, 21, 'VCSE'),
(49, 21, 'VFD'),
(50, 21, 'VFE'),
(51, 22, 'Mono'),
(52, 22, 'Duplo'),
(53, 22, 'Triplo'),
(54, 23, 'Sim'),
(55, 23, 'Não'),
(56, 24, 'Sim'),
(57, 24, 'Não'),
(58, 25, 'Sim'),
(59, 25, 'Não'),
(60, 26, 'Sim'),
(61, 26, 'Não'),
(62, 27, 'Sim'),
(63, 27, 'Não'),
(64, 28, 'Sim'),
(65, 28, 'Não');

-- --------------------------------------------------------

--
-- Table structure for table `checklist`
--

CREATE TABLE `checklist` (
  `id` int(11) NOT NULL,
  `data_cadastro` timestamp NOT NULL DEFAULT CURRENT_TIMESTAMP,
  `usuario_id` int(11) NOT NULL,
  `nome` varchar(200) NOT NULL,
  `sigla` varchar(20) NOT NULL DEFAULT 'Não cadastrado',
  `cor` varchar(30) NOT NULL,
  `ativo` tinyint(1) NOT NULL,
  `meta` int(11) NOT NULL DEFAULT '75'
) ENGINE=InnoDB DEFAULT CHARSET=latin1;

--
-- Dumping data for table `checklist`
--

INSERT INTO `checklist` (`id`, `data_cadastro`, `usuario_id`, `nome`, `sigla`, `cor`, `ativo`, `meta`) VALUES
(1, '2018-11-20 16:52:21', 3, 'Bundle PAV (este é para pacientes que estão dependentes dorespirador mecânico, ou seja está internado na UTI)', 'PAV', '#39d1e6', 1, 90),
(2, '2018-11-20 17:39:19', 3, 'Bundle SV (pacientes em uso de sonda vesical)', 'SVD', '#5367ce', 1, 75),
(3, '2019-01-28 12:07:50', 3, 'Check List Passagem', 'PCVC', '#DDA0DD', 1, 75),
(4, '2019-02-14 18:44:20', 3, 'Check List diário - manutenção', 'MCVC', '#F000FF', 1, 75);

-- --------------------------------------------------------

--
-- Table structure for table `checklist_item`
--

CREATE TABLE `checklist_item` (
  `id_checklist` int(11) NOT NULL,
  `id_item` int(11) NOT NULL
) ENGINE=InnoDB DEFAULT CHARSET=latin1;

--
-- Dumping data for table `checklist_item`
--

INSERT INTO `checklist_item` (`id_checklist`, `id_item`) VALUES
(1, 1),
(1, 2),
(1, 3),
(1, 5),
(1, 6),
(2, 7),
(2, 8),
(2, 9),
(2, 10),
(2, 11),
(3, 12),
(3, 13),
(3, 14),
(3, 15),
(3, 16),
(3, 17),
(3, 18),
(3, 19),
(3, 20),
(3, 29),
(4, 21),
(4, 22),
(4, 23),
(4, 24),
(4, 25),
(4, 26),
(4, 27),
(4, 28);

-- --------------------------------------------------------

--
-- Table structure for table `convenio`
--

CREATE TABLE `convenio` (
  `id` int(11) NOT NULL,
  `nome` varchar(100) NOT NULL
) ENGINE=InnoDB DEFAULT CHARSET=latin1;

--
-- Dumping data for table `convenio`
--

INSERT INTO `convenio` (`id`, `nome`) VALUES
(2, 'AMIL'),
(3, 'SUS'),
(4, 'BRADESCO');

-- --------------------------------------------------------

--
-- Table structure for table `internacao`
--

CREATE TABLE `internacao` (
  `id` int(11) NOT NULL,
  `numero_internacao` varchar(10) DEFAULT NULL,
  `data_internacao` datetime DEFAULT NULL,
  `id_setor` int(11) NOT NULL,
  `id_paciente` int(11) NOT NULL,
  `id_convenio` int(11) NOT NULL
) ENGINE=InnoDB DEFAULT CHARSET=latin1;

--
-- Dumping data for table `internacao`
--

INSERT INTO `internacao` (`id`, `numero_internacao`, `data_internacao`, `id_setor`, `id_paciente`, `id_convenio`) VALUES
(1, 'INT-01958', '2018-11-21 00:00:00', 3, 3, 3),
(2, 'INT-01959', '2018-11-24 00:00:00', 3, 3, 3),
(3, 'INT-01960', '2018-11-27 03:12:00', 3, 3, 3),
(4, 'INT-02010', '2018-11-23 00:00:00', 5, 3, 2),
(5, 'INT-02015', '2018-11-27 00:00:00', 2, 49, 4),
(6, 'INT-12345', '2018-11-30 00:00:00', 4, 49, 4),
(9, '4444444', '2018-11-30 00:00:00', 3, 3, 3),
(18, '4444-333', '2019-02-14 00:00:00', 4, 49, 4),
(19, '555555', '2018-12-08 00:00:00', 4, 50, 2),
(20, '0123456', '2018-12-17 00:00:00', 4, 54, 2),
(21, 'ddd', '2018-12-18 00:00:00', 4, 55, 2),
(22, 'fffff', '2018-12-20 00:00:00', 4, 57, 2),
(23, 'ddddd', '2018-12-19 00:00:00', 4, 58, 4),
(24, 'sadfsdf', '2018-12-18 00:00:00', 4, 58, 4),
(25, 'sda', '2018-12-18 00:00:00', 4, 58, 4),
(26, 'sadas', '2018-12-05 00:00:00', 4, 58, 4),
(27, 'jkh', '2018-12-17 00:00:00', 4, 58, 4),
(28, 'adsa', '2018-12-18 00:00:00', 4, 58, 4),
(29, 'INT-1445', '2019-01-15 00:00:00', 4, 51, 2),
(30, '123456', '2019-01-02 00:00:00', 4, 59, 2),
(31, '001122', '2019-01-16 00:00:00', 4, 61, 2),
(32, '00111', '2019-01-23 00:00:00', 4, 62, 2),
(33, '010', '2019-01-23 00:00:00', 4, 63, 4),
(34, '123', '2019-01-30 00:00:00', 4, 64, 4),
(35, '12345', '2019-02-14 00:00:00', 4, 3, 3),
(36, '123456', '2019-02-14 00:00:00', 4, 55, 2);

-- --------------------------------------------------------

--
-- Table structure for table `internacao_checklist`
--

CREATE TABLE `internacao_checklist` (
  `id_internacao` int(11) NOT NULL,
  `id_checklist` int(11) NOT NULL,
  `data_saida` datetime DEFAULT NULL
) ENGINE=InnoDB DEFAULT CHARSET=latin1;

--
-- Dumping data for table `internacao_checklist`
--

INSERT INTO `internacao_checklist` (`id_internacao`, `id_checklist`, `data_saida`) VALUES
(6, 1, '2019-01-19 19:41:00'),
(9, 1, '2019-01-03 20:50:00'),
(18, 1, NULL),
(18, 2, NULL),
(18, 3, NULL),
(19, 1, '2019-01-31 07:14:00'),
(19, 2, '2019-01-31 07:17:00'),
(20, 1, NULL),
(20, 2, NULL),
(21, 1, '2019-01-31 07:15:00'),
(24, 1, '2018-12-18 00:59:00'),
(25, 1, '2018-12-18 01:05:00'),
(26, 1, '2018-12-18 01:07:00'),
(27, 1, '2018-12-18 01:07:00'),
(28, 1, '2019-01-31 07:15:00'),
(28, 2, '2019-01-31 07:18:00'),
(29, 1, NULL),
(29, 2, NULL),
(30, 1, '2019-02-04 03:54:00'),
(30, 2, '2019-01-31 07:18:00'),
(31, 1, '2019-02-04 03:54:00'),
(31, 2, '2019-02-04 03:55:00'),
(32, 1, NULL),
(32, 2, NULL),
(33, 1, NULL),
(33, 2, NULL),
(34, 1, NULL),
(34, 2, NULL),
(35, 3, NULL),
(35, 4, NULL),
(36, 3, NULL);

-- --------------------------------------------------------

--
-- Table structure for table `item`
--

CREATE TABLE `item` (
  `id` int(11) NOT NULL,
  `enunciado` varchar(200) NOT NULL,
  `tipo` enum('ME','VF','TX','MV') NOT NULL,
  `meta` int(3) NOT NULL DEFAULT '75'
) ENGINE=InnoDB DEFAULT CHARSET=latin1;

--
-- Dumping data for table `item`
--

INSERT INTO `item` (`id`, `enunciado`, `tipo`, `meta`) VALUES
(1, 'CAB. ELEV', 'VF', 75),
(2, 'SUSP. SEDAÇÃO', 'VF', 75),
(3, 'HIG. ORAL CLOREX', 'VF', 75),
(5, 'PROFILAXIA LAMGD', 'VF', 75),
(6, 'PROFILAXIA TEV', 'VF', 75),
(7, 'Fixação segura', 'VF', 75),
(8, 'Pos. correto do coletor', 'VF', 75),
(9, 'Máx. de 2/3 do coletor', 'VF', 75),
(10, 'Conectado o sistema', 'VF', 75),
(11, 'Nec. de manutenção', 'VF', 75),
(12, 'Motivo', 'VF', 75),
(13, 'Sítio', 'VF', 75),
(14, 'Tipo cateter', 'VF', 75),
(15, 'Diálise', 'VF', 75),
(16, 'Punção de 1a tentativa', 'VF', 75),
(17, 'Uso de USG', 'VF', 75),
(18, 'Escovação das mãos', 'VF', 75),
(19, 'Máxima precaução de barreiras', 'VF', 75),
(20, 'Técnica asséptica', 'VF', 75),
(21, 'Sítio', 'VF', 75),
(22, 'Tipo cateter', 'VF', 75),
(23, 'Diálise', 'VF', 75),
(24, 'Aspecto Óstio', 'VF', 75),
(25, 'Aspecto curativo', 'VF', 75),
(26, 'Curativo Datado', 'VF', 75),
(27, 'Permanência do cateter', 'VF', 75),
(28, 'Higienização', 'VF', 75),
(29, 'Nome do Médico', 'TX', 0);

-- --------------------------------------------------------

--
-- Table structure for table `paciente`
--

CREATE TABLE `paciente` (
  `id` int(11) NOT NULL,
  `nome` varchar(100) NOT NULL,
  `cpf` varchar(11) NOT NULL,
  `nascimento` date DEFAULT NULL,
  `genero` enum('MASCULINO','FEMININO','OUTRO') NOT NULL,
  `registro` text,
  `id_convenio` int(11) NOT NULL
) ENGINE=InnoDB DEFAULT CHARSET=latin1;

--
-- Dumping data for table `paciente`
--

INSERT INTO `paciente` (`id`, `nome`, `cpf`, `nascimento`, `genero`, `registro`, `id_convenio`) VALUES
(3, 'LARA CRISTIAN ARAÊJO DUARTE', '98920650187', '2018-11-30', 'FEMININO', '1026A', 3),
(49, 'FRANCISCO MOLINA JUNIOR', '71869549104', '2018-11-17', 'MASCULINO', '1027A', 4),
(50, 'ALLISON BARBOSA', '82159904104', '1972-12-01', 'MASCULINO', '1028A', 2),
(51, 'FLAVIANO OLIVEIRA', '72240822104', '1982-03-22', 'MASCULINO', '1020A', 2),
(52, 'JOSÉ MARIA SOBRINHO', '72106107153', '1982-03-22', 'MASCULINO', '1030A', 4),
(54, 'JOAO DA SILVA', '02440080780', '1975-02-18', 'MASCULINO', '1031A', 2),
(55, 'ANTÔNIO AGUIAR', '05513707187', '1951-07-31', 'MASCULINO', '1032A', 2),
(57, 'MIRIAN ROWSELY BARRIOS', '47371631048', '1953-11-11', 'FEMININO', '1025A', 2),
(58, 'LUCIENE GUIMARÃES', '24104761044', '2018-12-06', 'FEMININO', '1024A', 4),
(59, 'GUILHERME DOS SANTOS', '02363292782', '2011-01-02', 'MASCULINO', '1021A', 2),
(60, 'MARIA APARECIDA BARBOSA', '00164511040', '1982-06-08', 'FEMININO', '1022A', 2),
(61, 'EDUARDO ROSSI', '73354026030', '2000-10-11', 'MASCULINO', '1023A', 2),
(62, 'DILMA ROUSSEF', '92427820172', '2019-01-23', 'FEMININO', '0112', 2),
(63, 'JAIR BOLSONARO', '48355119134', '2019-01-23', 'MASCULINO', '123', 4),
(64, 'FERNANDO COLLOR', '95894713315', '2019-01-30', 'MASCULINO', '123', 4);

-- --------------------------------------------------------

--
-- Table structure for table `perfil`
--

CREATE TABLE `perfil` (
  `id` int(11) NOT NULL,
  `descricao` varchar(100) NOT NULL
) ENGINE=InnoDB DEFAULT CHARSET=latin1;

--
-- Dumping data for table `perfil`
--

INSERT INTO `perfil` (`id`, `descricao`) VALUES
(1, 'ADMINISTRADOR'),
(2, 'SERVIDOR'),
(3, 'RECRUTADOR'),
(4, 'EXTERNO');

-- --------------------------------------------------------

--
-- Table structure for table `permissao`
--

CREATE TABLE `permissao` (
  `id` int(11) NOT NULL,
  `descricao` varchar(100) NOT NULL,
  `url` varchar(300) DEFAULT NULL,
  `id_permissao_pai` int(11) DEFAULT NULL
) ENGINE=InnoDB DEFAULT CHARSET=latin1;

--
-- Dumping data for table `permissao`
--

INSERT INTO `permissao` (`id`, `descricao`, `url`, `id_permissao_pai`) VALUES
(1, 'Administração', NULL, NULL),
(2, 'Hospital', NULL, NULL),
(3, 'BUNDLES', NULL, NULL),
(5, 'Setor', '/setor', 1),
(6, 'Convênio', '/convenio', 1),
(7, 'Paciente', '/paciente', 2),
(10, 'Internação', '/internacao', 2),
(15, 'Usuário', '/usuario', 1),
(22, 'Relatórios', NULL, NULL),
(23, 'Relatório BUNDLES', '/relatorio', 22);

-- --------------------------------------------------------

--
-- Table structure for table `permissao_perfil`
--

CREATE TABLE `permissao_perfil` (
  `id_permissao` int(11) NOT NULL,
  `id_perfil` int(11) NOT NULL
) ENGINE=InnoDB DEFAULT CHARSET=latin1;

--
-- Dumping data for table `permissao_perfil`
--

INSERT INTO `permissao_perfil` (`id_permissao`, `id_perfil`) VALUES
(2, 1),
(2, 2),
(2, 3),
(2, 4),
(5, 1),
(6, 1),
(7, 1),
(15, 1),
(22, 1),
(22, 2),
(22, 3),
(22, 4),
(23, 1),
(23, 2),
(23, 3),
(23, 4);

-- --------------------------------------------------------

--
-- Table structure for table `resposta_checklist`
--

CREATE TABLE `resposta_checklist` (
  `id` int(11) NOT NULL,
  `id_checklist` int(11) NOT NULL,
  `data_resposta` timestamp NOT NULL DEFAULT CURRENT_TIMESTAMP,
  `id_internacao` int(11) NOT NULL
) ENGINE=InnoDB DEFAULT CHARSET=latin1;

--
-- Dumping data for table `resposta_checklist`
--

INSERT INTO `resposta_checklist` (`id`, `id_checklist`, `data_resposta`, `id_internacao`) VALUES
(12, 1, '2018-11-30 17:53:04', 9),
(13, 1, '2018-11-30 19:31:46', 6),
(14, 1, '2018-12-26 16:45:04', 19),
(15, 1, '2019-01-02 19:40:31', 30),
(16, 1, '2019-01-08 15:32:43', 6),
(17, 1, '2019-01-08 15:32:58', 19),
(18, 1, '2019-01-08 15:33:11', 20),
(19, 1, '2019-01-08 15:33:23', 21),
(20, 1, '2019-01-08 15:33:35', 28),
(21, 1, '2019-01-08 15:33:46', 18),
(22, 1, '2019-01-08 15:33:57', 29),
(23, 1, '2019-01-08 15:34:09', 30),
(24, 1, '2019-01-10 01:53:50', 6),
(25, 1, '2019-01-10 01:54:18', 19),
(26, 1, '2019-01-10 01:54:35', 20),
(27, 1, '2019-01-10 01:54:52', 21),
(28, 1, '2019-01-10 01:55:06', 28),
(29, 1, '2019-01-10 01:55:20', 18),
(30, 1, '2019-01-10 01:55:35', 29),
(31, 1, '2019-01-10 01:55:48', 30),
(32, 1, '2019-01-15 15:47:36', 6),
(33, 1, '2019-01-15 15:47:48', 19),
(34, 1, '2019-01-15 15:48:03', 20),
(35, 1, '2019-01-15 15:48:15', 21),
(36, 1, '2019-01-15 15:48:34', 28),
(37, 1, '2019-01-15 15:48:34', 28),
(38, 1, '2019-01-15 15:48:34', 28),
(39, 1, '2019-01-15 15:48:47', 18),
(40, 1, '2019-01-15 15:49:01', 29),
(41, 1, '2019-01-15 15:49:13', 30),
(42, 1, '2019-01-17 01:37:23', 6),
(43, 1, '2019-01-17 01:37:38', 19),
(44, 1, '2019-01-17 01:44:31', 20),
(45, 1, '2019-01-17 01:44:49', 21),
(46, 1, '2019-01-17 01:45:05', 28),
(47, 1, '2019-01-17 01:45:18', 18),
(48, 1, '2019-01-17 01:45:30', 30),
(49, 1, '2019-01-17 01:45:43', 29),
(50, 1, '2019-01-17 01:54:33', 31),
(51, 1, '2019-01-17 19:41:35', 6),
(52, 1, '2019-01-17 19:41:52', 19),
(53, 1, '2019-01-17 19:42:06', 20),
(54, 1, '2019-01-17 19:42:17', 21),
(55, 1, '2019-01-17 19:42:34', 28),
(56, 1, '2019-01-17 19:42:51', 18),
(57, 1, '2019-01-17 19:43:07', 30),
(58, 1, '2019-01-17 19:43:19', 29),
(59, 1, '2019-01-17 19:43:39', 31),
(60, 1, '2019-01-18 14:38:04', 6),
(61, 1, '2019-01-18 14:38:04', 6),
(62, 1, '2019-01-18 14:38:32', 19),
(63, 1, '2019-01-19 00:17:22', 20),
(64, 1, '2019-01-19 00:17:42', 21),
(65, 1, '2019-01-19 00:18:30', 28),
(66, 1, '2019-01-19 00:18:42', 18),
(67, 1, '2019-01-19 00:18:55', 30),
(68, 1, '2019-01-19 00:19:31', 29),
(69, 1, '2019-01-19 00:19:45', 31),
(70, 1, '2019-01-19 21:41:36', 19),
(71, 1, '2019-01-19 21:41:51', 20),
(72, 1, '2019-01-19 21:42:06', 21),
(73, 1, '2019-01-19 21:42:20', 28),
(74, 1, '2019-01-19 21:42:35', 18),
(75, 1, '2019-01-19 21:42:50', 30),
(76, 1, '2019-01-19 21:43:04', 29),
(77, 1, '2019-01-19 21:43:27', 31),
(78, 1, '2019-01-20 14:59:02', 19),
(79, 1, '2019-01-20 14:59:14', 20),
(80, 1, '2019-01-20 14:59:28', 28),
(81, 1, '2019-01-20 14:59:40', 21),
(82, 1, '2019-01-20 14:59:52', 18),
(83, 1, '2019-01-20 15:00:04', 30),
(84, 1, '2019-01-20 15:00:14', 29),
(85, 1, '2019-01-20 15:00:30', 31),
(86, 2, '2019-01-21 13:27:19', 19),
(87, 2, '2019-01-22 00:00:17', 29),
(88, 2, '2019-01-22 00:01:45', 28),
(89, 2, '2019-01-22 10:09:49', 19),
(90, 2, '2019-01-22 10:10:09', 28),
(91, 2, '2019-01-22 10:13:51', 20),
(92, 2, '2019-01-22 10:14:02', 18),
(93, 2, '2019-01-22 10:14:26', 30),
(94, 2, '2019-01-22 10:14:39', 29),
(95, 2, '2019-01-22 10:14:51', 31),
(96, 1, '2019-01-23 02:07:01', 19),
(97, 1, '2019-01-23 02:07:13', 20),
(98, 1, '2019-01-23 02:07:36', 21),
(99, 1, '2019-01-23 02:07:49', 28),
(100, 1, '2019-01-23 02:08:01', 18),
(101, 1, '2019-01-23 02:08:15', 30),
(102, 1, '2019-01-23 02:08:28', 29),
(103, 1, '2019-01-23 02:08:40', 31),
(104, 2, '2019-01-23 02:09:51', 19),
(105, 2, '2019-01-23 02:10:03', 20),
(106, 2, '2019-01-23 02:10:15', 28),
(107, 2, '2019-01-23 02:10:28', 18),
(108, 2, '2019-01-23 02:10:42', 30),
(109, 2, '2019-01-23 02:10:56', 29),
(110, 2, '2019-01-23 02:11:11', 31),
(111, 1, '2019-01-23 19:56:28', 32),
(112, 2, '2019-01-23 19:57:19', 32),
(113, 1, '2019-01-23 20:22:33', 33),
(114, 2, '2019-01-23 20:23:32', 33),
(115, 1, '2019-01-24 23:40:49', 32),
(116, 1, '2019-01-27 16:14:06', 19),
(117, 1, '2019-01-27 16:14:32', 20),
(118, 1, '2019-01-27 16:14:57', 21),
(119, 1, '2019-01-27 16:15:13', 28),
(120, 1, '2019-01-27 16:15:32', 18),
(121, 1, '2019-01-27 16:15:46', 30),
(122, 1, '2019-01-27 16:16:10', 29),
(123, 1, '2019-01-27 16:16:15', 29),
(124, 1, '2019-01-27 16:16:47', 31),
(125, 1, '2019-01-27 16:17:17', 32),
(126, 1, '2019-01-27 16:17:17', 32),
(127, 1, '2019-01-27 16:18:21', 33),
(128, 2, '2019-01-27 20:07:01', 19),
(129, 2, '2019-01-27 20:07:16', 20),
(130, 2, '2019-01-27 20:07:26', 28),
(131, 2, '2019-01-27 20:07:44', 18),
(132, 2, '2019-01-27 20:08:00', 30),
(133, 2, '2019-01-27 20:08:14', 29),
(134, 2, '2019-01-27 20:08:28', 31),
(135, 2, '2019-01-27 20:08:44', 32),
(136, 2, '2019-01-27 20:08:57', 33),
(137, 2, '2019-01-28 20:24:15', 19),
(138, 2, '2019-01-28 20:24:25', 20),
(139, 2, '2019-01-28 20:25:00', 28),
(140, 2, '2019-01-28 20:25:16', 18),
(141, 2, '2019-01-28 20:25:30', 29),
(142, 2, '2019-01-28 20:25:42', 30),
(143, 2, '2019-01-28 20:25:57', 31),
(144, 2, '2019-01-28 20:26:06', 32),
(145, 2, '2019-01-28 20:26:16', 33),
(146, 1, '2019-01-30 16:13:33', 34),
(147, 2, '2019-01-30 16:15:28', 34),
(148, 2, '2019-01-30 16:15:29', 34),
(149, 1, '2019-01-31 09:15:41', 20),
(150, 1, '2019-01-31 09:15:57', 18),
(151, 1, '2019-01-31 09:16:13', 30),
(152, 1, '2019-01-31 09:16:31', 29),
(153, 1, '2019-01-31 09:16:44', 31),
(154, 1, '2019-01-31 09:17:05', 32),
(155, 1, '2019-01-31 09:17:27', 33),
(156, 1, '2019-01-31 09:17:39', 34),
(157, 2, '2019-01-31 09:18:26', 20),
(158, 2, '2019-01-31 09:18:40', 18),
(159, 2, '2019-01-31 09:18:53', 29),
(160, 2, '2019-01-31 09:19:04', 31),
(161, 2, '2019-01-31 09:19:15', 32),
(162, 2, '2019-01-31 09:19:29', 33),
(163, 2, '2019-01-31 09:19:30', 33),
(164, 2, '2019-01-31 09:19:52', 34),
(165, 2, '2019-01-31 09:19:52', 34),
(166, 2, '2019-02-04 05:55:22', 20),
(167, 2, '2019-02-04 05:55:34', 18),
(168, 2, '2019-02-04 05:55:45', 29),
(169, 2, '2019-02-04 05:55:56', 32),
(170, 2, '2019-02-04 05:56:10', 33),
(171, 2, '2019-02-04 05:57:36', 34),
(172, 1, '2019-02-04 05:57:51', 20),
(173, 1, '2019-02-04 05:58:03', 18),
(174, 1, '2019-02-04 05:58:12', 29),
(175, 1, '2019-02-04 05:58:21', 32),
(176, 1, '2019-02-04 05:58:30', 33),
(177, 1, '2019-02-04 05:58:42', 34),
(178, 1, '2019-02-07 03:19:15', 20),
(179, 1, '2019-02-07 03:19:27', 18),
(180, 1, '2019-02-07 03:19:39', 29),
(181, 1, '2019-02-07 03:19:52', 32),
(182, 1, '2019-02-07 03:20:07', 33),
(183, 1, '2019-02-07 03:20:17', 34),
(184, 2, '2019-02-07 03:20:34', 20),
(185, 2, '2019-02-07 03:20:46', 18),
(186, 2, '2019-02-07 03:20:58', 29),
(187, 2, '2019-02-07 03:21:08', 32),
(188, 2, '2019-02-07 03:21:17', 33),
(189, 2, '2019-02-07 03:21:29', 34),
(190, 2, '2019-02-09 01:33:27', 20),
(191, 2, '2019-02-09 01:33:43', 18),
(192, 2, '2019-02-09 01:33:59', 29),
(193, 2, '2019-02-09 01:34:24', 32),
(194, 2, '2019-02-09 01:35:02', 33),
(195, 2, '2019-02-09 01:35:29', 34),
(196, 1, '2019-02-10 21:56:36', 20),
(197, 1, '2019-02-10 21:56:46', 18),
(198, 1, '2019-02-10 21:56:56', 29),
(199, 1, '2019-02-10 21:57:07', 33),
(200, 1, '2019-02-10 21:57:16', 32),
(201, 1, '2019-02-10 21:57:28', 34),
(202, 2, '2019-02-10 21:58:01', 20),
(203, 2, '2019-02-10 21:58:11', 18),
(204, 2, '2019-02-10 21:58:20', 29),
(205, 2, '2019-02-10 21:58:32', 32),
(206, 2, '2019-02-10 21:58:43', 33),
(207, 2, '2019-02-10 21:58:51', 34),
(208, 1, '2019-02-11 14:20:27', 20),
(209, 1, '2019-02-11 14:20:39', 18),
(210, 1, '2019-02-11 14:20:49', 29),
(211, 1, '2019-02-11 14:20:59', 33),
(212, 1, '2019-02-11 14:21:10', 32),
(213, 1, '2019-02-11 14:21:32', 34),
(214, 2, '2019-02-11 14:21:48', 20),
(215, 2, '2019-02-11 14:21:59', 18),
(216, 2, '2019-02-11 14:22:09', 29),
(217, 2, '2019-02-11 14:22:21', 32),
(218, 2, '2019-02-11 14:22:30', 33),
(219, 2, '2019-02-11 14:22:40', 34),
(220, 1, '2019-02-13 17:36:51', 20),
(221, 4, '2019-02-14 19:08:41', 35),
(222, 3, '2019-02-14 19:11:34', 35),
(223, 3, '2019-02-14 19:29:50', 36),
(224, 3, '2019-02-14 19:30:45', 18),
(225, 3, '2019-02-14 19:32:07', 18),
(226, 3, '2019-02-14 19:32:43', 18),
(227, 3, '2019-02-14 19:33:28', 18),
(228, 3, '2019-02-14 19:34:25', 18),
(229, 3, '2019-02-14 19:36:15', 18),
(230, 3, '2019-02-14 19:53:06', 18),
(231, 3, '2019-02-14 19:53:54', 18),
(232, 3, '2019-02-14 19:54:26', 18),
(233, 3, '2019-02-14 19:56:31', 18);

-- --------------------------------------------------------

--
-- Table structure for table `resposta_checklist_item`
--

CREATE TABLE `resposta_checklist_item` (
  `id_resposta_checklist` int(11) NOT NULL,
  `id_item` int(11) NOT NULL,
  `id_resposta_alternativa` int(11) NOT NULL,
  `resposta_texto` varchar(200) DEFAULT NULL
) ENGINE=InnoDB DEFAULT CHARSET=latin1;

--
-- Dumping data for table `resposta_checklist_item`
--

INSERT INTO `resposta_checklist_item` (`id_resposta_checklist`, `id_item`, `id_resposta_alternativa`, `resposta_texto`) VALUES
(12, 1, 3, NULL),
(12, 2, 1, NULL),
(12, 3, 6, NULL),
(12, 5, 7, NULL),
(12, 6, 10, NULL),
(13, 1, 3, NULL),
(13, 2, 2, NULL),
(13, 3, 6, NULL),
(13, 5, 8, NULL),
(13, 6, 10, NULL),
(14, 1, 3, NULL),
(14, 2, 2, NULL),
(14, 3, 6, NULL),
(14, 5, 7, NULL),
(14, 6, 10, NULL),
(15, 1, 3, NULL),
(15, 2, 1, NULL),
(15, 3, 6, NULL),
(15, 5, 7, NULL),
(15, 6, 9, NULL),
(16, 1, 3, NULL),
(16, 2, 1, NULL),
(16, 3, 5, NULL),
(16, 5, 7, NULL),
(16, 6, 9, NULL),
(17, 1, 3, NULL),
(17, 2, 2, NULL),
(17, 3, 5, NULL),
(17, 5, 8, NULL),
(17, 6, 9, NULL),
(18, 1, 4, NULL),
(18, 2, 1, NULL),
(18, 3, 6, NULL),
(18, 5, 7, NULL),
(18, 6, 10, NULL),
(19, 1, 3, NULL),
(19, 2, 1, NULL),
(19, 3, 5, NULL),
(19, 5, 7, NULL),
(19, 6, 9, NULL),
(20, 1, 3, NULL),
(20, 2, 1, NULL),
(20, 3, 5, NULL),
(20, 5, 8, NULL),
(20, 6, 9, NULL),
(21, 1, 4, NULL),
(21, 2, 2, NULL),
(21, 3, 6, NULL),
(21, 5, 8, NULL),
(21, 6, 10, NULL),
(22, 1, 3, NULL),
(22, 2, 1, NULL),
(22, 3, 5, NULL),
(22, 5, 8, NULL),
(22, 6, 9, NULL),
(23, 1, 4, NULL),
(23, 2, 2, NULL),
(23, 3, 6, NULL),
(23, 5, 7, NULL),
(23, 6, 9, NULL),
(24, 1, 3, NULL),
(24, 2, 1, NULL),
(24, 3, 6, NULL),
(24, 5, 7, NULL),
(24, 6, 10, NULL),
(25, 1, 3, NULL),
(25, 2, 1, NULL),
(25, 3, 5, NULL),
(25, 5, 8, NULL),
(25, 6, 9, NULL),
(26, 1, 4, NULL),
(26, 2, 1, NULL),
(26, 3, 5, NULL),
(26, 5, 8, NULL),
(26, 6, 9, NULL),
(27, 1, 3, NULL),
(27, 2, 1, NULL),
(27, 3, 5, NULL),
(27, 5, 7, NULL),
(27, 6, 9, NULL),
(28, 1, 4, NULL),
(28, 2, 2, NULL),
(28, 3, 5, NULL),
(28, 5, 7, NULL),
(28, 6, 9, NULL),
(29, 1, 4, NULL),
(29, 2, 2, NULL),
(29, 3, 6, NULL),
(29, 5, 7, NULL),
(29, 6, 10, NULL),
(30, 1, 3, NULL),
(30, 2, 1, NULL),
(30, 3, 5, NULL),
(30, 5, 7, NULL),
(30, 6, 9, NULL),
(31, 1, 3, NULL),
(31, 2, 1, NULL),
(31, 3, 5, NULL),
(31, 5, 7, NULL),
(31, 6, 9, NULL),
(32, 1, 3, NULL),
(32, 2, 1, NULL),
(32, 3, 5, NULL),
(32, 5, 7, NULL),
(32, 6, 10, NULL),
(33, 1, 4, NULL),
(33, 2, 2, NULL),
(33, 3, 6, NULL),
(33, 5, 8, NULL),
(33, 6, 10, NULL),
(34, 1, 3, NULL),
(34, 2, 2, NULL),
(34, 3, 5, NULL),
(34, 5, 8, NULL),
(34, 6, 9, NULL),
(35, 1, 3, NULL),
(35, 2, 1, NULL),
(35, 3, 5, NULL),
(35, 5, 7, NULL),
(35, 6, 9, NULL),
(36, 1, 3, NULL),
(36, 2, 1, NULL),
(36, 3, 5, NULL),
(36, 5, 7, NULL),
(36, 6, 9, NULL),
(37, 1, 3, NULL),
(37, 2, 1, NULL),
(37, 3, 5, NULL),
(37, 5, 7, NULL),
(37, 6, 9, NULL),
(38, 1, 3, NULL),
(38, 2, 1, NULL),
(38, 3, 5, NULL),
(38, 5, 7, NULL),
(38, 6, 9, NULL),
(39, 1, 3, NULL),
(39, 2, 1, NULL),
(39, 3, 5, NULL),
(39, 5, 7, NULL),
(39, 6, 9, NULL),
(40, 1, 3, NULL),
(40, 2, 1, NULL),
(40, 3, 5, NULL),
(40, 5, 7, NULL),
(40, 6, 9, NULL),
(41, 1, 3, NULL),
(41, 2, 1, NULL),
(41, 3, 5, NULL),
(41, 5, 7, NULL),
(41, 6, 9, NULL),
(42, 1, 3, NULL),
(42, 2, 1, NULL),
(42, 3, 5, NULL),
(42, 5, 7, NULL),
(42, 6, 9, NULL),
(43, 1, 3, NULL),
(43, 2, 1, NULL),
(43, 3, 5, NULL),
(43, 5, 7, NULL),
(43, 6, 9, NULL),
(44, 1, 3, NULL),
(44, 2, 1, NULL),
(44, 3, 5, NULL),
(44, 5, 7, NULL),
(44, 6, 9, NULL),
(45, 1, 3, NULL),
(45, 2, 1, NULL),
(45, 3, 5, NULL),
(45, 5, 7, NULL),
(45, 6, 9, NULL),
(46, 1, 3, NULL),
(46, 2, 1, NULL),
(46, 3, 5, NULL),
(46, 5, 7, NULL),
(46, 6, 9, NULL),
(47, 1, 3, NULL),
(47, 2, 1, NULL),
(47, 3, 5, NULL),
(47, 5, 7, NULL),
(47, 6, 9, NULL),
(48, 1, 3, NULL),
(48, 2, 1, NULL),
(48, 3, 5, NULL),
(48, 5, 7, NULL),
(48, 6, 9, NULL),
(49, 1, 3, NULL),
(49, 2, 1, NULL),
(49, 3, 5, NULL),
(49, 5, 7, NULL),
(49, 6, 9, NULL),
(50, 1, 3, NULL),
(50, 2, 1, NULL),
(50, 3, 5, NULL),
(50, 5, 7, NULL),
(50, 6, 9, NULL),
(51, 1, 3, NULL),
(51, 2, 1, NULL),
(51, 3, 5, NULL),
(51, 5, 7, NULL),
(51, 6, 9, NULL),
(52, 1, 3, NULL),
(52, 2, 1, NULL),
(52, 3, 5, NULL),
(52, 5, 7, NULL),
(52, 6, 9, NULL),
(53, 1, 3, NULL),
(53, 2, 1, NULL),
(53, 3, 5, NULL),
(53, 5, 7, NULL),
(53, 6, 9, NULL),
(54, 1, 3, NULL),
(54, 2, 1, NULL),
(54, 3, 5, NULL),
(54, 5, 7, NULL),
(54, 6, 9, NULL),
(55, 1, 3, NULL),
(55, 2, 1, NULL),
(55, 3, 5, NULL),
(55, 5, 7, NULL),
(55, 6, 9, NULL),
(56, 1, 3, NULL),
(56, 2, 1, NULL),
(56, 3, 5, NULL),
(56, 5, 7, NULL),
(56, 6, 9, NULL),
(57, 1, 3, NULL),
(57, 2, 1, NULL),
(57, 3, 5, NULL),
(57, 5, 7, NULL),
(57, 6, 9, NULL),
(58, 1, 3, NULL),
(58, 2, 1, NULL),
(58, 3, 5, NULL),
(58, 5, 7, NULL),
(58, 6, 9, NULL),
(59, 1, 3, NULL),
(59, 2, 1, NULL),
(59, 3, 5, NULL),
(59, 5, 7, NULL),
(59, 6, 9, NULL),
(60, 1, 3, NULL),
(60, 2, 1, NULL),
(60, 3, 5, NULL),
(60, 5, 7, NULL),
(60, 6, 9, NULL),
(61, 1, 3, NULL),
(61, 2, 1, NULL),
(61, 3, 5, NULL),
(61, 5, 7, NULL),
(61, 6, 9, NULL),
(62, 1, 3, NULL),
(62, 2, 1, NULL),
(62, 3, 5, NULL),
(62, 5, 7, NULL),
(62, 6, 9, NULL),
(63, 1, 3, NULL),
(63, 2, 1, NULL),
(63, 3, 5, NULL),
(63, 5, 7, NULL),
(63, 6, 9, NULL),
(64, 1, 3, NULL),
(64, 2, 1, NULL),
(64, 3, 5, NULL),
(64, 5, 7, NULL),
(64, 6, 9, NULL),
(65, 1, 3, NULL),
(65, 2, 1, NULL),
(65, 3, 5, NULL),
(65, 5, 7, NULL),
(65, 6, 9, NULL),
(66, 1, 3, NULL),
(66, 2, 1, NULL),
(66, 3, 5, NULL),
(66, 5, 7, NULL),
(66, 6, 9, NULL),
(67, 1, 3, NULL),
(67, 2, 1, NULL),
(67, 3, 5, NULL),
(67, 5, 7, NULL),
(67, 6, 9, NULL),
(68, 1, 3, NULL),
(68, 2, 1, NULL),
(68, 3, 5, NULL),
(68, 5, 7, NULL),
(68, 6, 9, NULL),
(69, 1, 3, NULL),
(69, 2, 1, NULL),
(69, 3, 5, NULL),
(69, 5, 7, NULL),
(69, 6, 9, NULL),
(70, 1, 3, NULL),
(70, 2, 1, NULL),
(70, 3, 5, NULL),
(70, 5, 7, NULL),
(70, 6, 9, NULL),
(71, 1, 3, NULL),
(71, 2, 1, NULL),
(71, 3, 5, NULL),
(71, 5, 7, NULL),
(71, 6, 9, NULL),
(72, 1, 3, NULL),
(72, 2, 1, NULL),
(72, 3, 5, NULL),
(72, 5, 7, NULL),
(72, 6, 9, NULL),
(73, 1, 3, NULL),
(73, 2, 1, NULL),
(73, 3, 5, NULL),
(73, 5, 7, NULL),
(73, 6, 9, NULL),
(74, 1, 3, NULL),
(74, 2, 1, NULL),
(74, 3, 5, NULL),
(74, 5, 7, NULL),
(74, 6, 9, NULL),
(75, 1, 3, NULL),
(75, 2, 1, NULL),
(75, 3, 5, NULL),
(75, 5, 7, NULL),
(75, 6, 9, NULL),
(76, 1, 3, NULL),
(76, 2, 1, NULL),
(76, 3, 5, NULL),
(76, 5, 7, NULL),
(76, 6, 9, NULL),
(77, 1, 3, NULL),
(77, 2, 1, NULL),
(77, 3, 5, NULL),
(77, 5, 7, NULL),
(77, 6, 9, NULL),
(78, 1, 3, NULL),
(78, 2, 1, NULL),
(78, 3, 5, NULL),
(78, 5, 7, NULL),
(78, 6, 9, NULL),
(79, 1, 3, NULL),
(79, 2, 1, NULL),
(79, 3, 5, NULL),
(79, 5, 7, NULL),
(79, 6, 9, NULL),
(80, 1, 3, NULL),
(80, 2, 1, NULL),
(80, 3, 5, NULL),
(80, 5, 7, NULL),
(80, 6, 9, NULL),
(81, 1, 3, NULL),
(81, 2, 1, NULL),
(81, 3, 5, NULL),
(81, 5, 7, NULL),
(81, 6, 9, NULL),
(82, 1, 3, NULL),
(82, 2, 1, NULL),
(82, 3, 5, NULL),
(82, 5, 7, NULL),
(82, 6, 9, NULL),
(83, 1, 3, NULL),
(83, 2, 1, NULL),
(83, 3, 5, NULL),
(83, 5, 7, NULL),
(83, 6, 9, NULL),
(84, 1, 3, NULL),
(84, 2, 1, NULL),
(84, 3, 5, NULL),
(84, 5, 7, NULL),
(84, 6, 9, NULL),
(85, 1, 3, NULL),
(85, 2, 1, NULL),
(85, 3, 5, NULL),
(85, 5, 7, NULL),
(85, 6, 9, NULL),
(86, 7, 11, NULL),
(86, 8, 14, NULL),
(86, 9, 16, NULL),
(86, 10, 17, NULL),
(86, 11, 19, NULL),
(87, 7, 11, NULL),
(87, 8, 13, NULL),
(87, 9, 16, NULL),
(87, 10, 17, NULL),
(87, 11, 19, NULL),
(88, 7, 12, NULL),
(88, 8, 13, NULL),
(88, 9, 15, NULL),
(88, 10, 17, NULL),
(88, 11, 20, NULL),
(89, 7, 11, NULL),
(89, 8, 13, NULL),
(89, 9, 15, NULL),
(89, 10, 17, NULL),
(89, 11, 19, NULL),
(90, 7, 11, NULL),
(90, 8, 13, NULL),
(90, 9, 15, NULL),
(90, 10, 17, NULL),
(90, 11, 20, NULL),
(91, 7, 11, NULL),
(91, 8, 13, NULL),
(91, 9, 15, NULL),
(91, 10, 17, NULL),
(91, 11, 19, NULL),
(92, 7, 11, NULL),
(92, 8, 13, NULL),
(92, 9, 15, NULL),
(92, 10, 17, NULL),
(92, 11, 19, NULL),
(93, 7, 11, NULL),
(93, 8, 13, NULL),
(93, 9, 15, NULL),
(93, 10, 17, NULL),
(93, 11, 19, NULL),
(94, 7, 11, NULL),
(94, 8, 13, NULL),
(94, 9, 15, NULL),
(94, 10, 17, NULL),
(94, 11, 19, NULL),
(95, 7, 11, NULL),
(95, 8, 13, NULL),
(95, 9, 15, NULL),
(95, 10, 17, NULL),
(95, 11, 19, NULL),
(96, 1, 3, NULL),
(96, 2, 1, NULL),
(96, 3, 5, NULL),
(96, 5, 7, NULL),
(96, 6, 9, NULL),
(97, 1, 3, NULL),
(97, 2, 1, NULL),
(97, 3, 5, NULL),
(97, 5, 7, NULL),
(97, 6, 9, NULL),
(98, 1, 3, NULL),
(98, 2, 1, NULL),
(98, 3, 5, NULL),
(98, 5, 7, NULL),
(98, 6, 9, NULL),
(99, 1, 3, NULL),
(99, 2, 1, NULL),
(99, 3, 5, NULL),
(99, 5, 7, NULL),
(99, 6, 9, NULL),
(100, 1, 3, NULL),
(100, 2, 1, NULL),
(100, 3, 5, NULL),
(100, 5, 7, NULL),
(100, 6, 9, NULL),
(101, 1, 3, NULL),
(101, 2, 1, NULL),
(101, 3, 5, NULL),
(101, 5, 7, NULL),
(101, 6, 9, NULL),
(102, 1, 3, NULL),
(102, 2, 1, NULL),
(102, 3, 5, NULL),
(102, 5, 7, NULL),
(102, 6, 9, NULL),
(103, 1, 3, NULL),
(103, 2, 1, NULL),
(103, 3, 5, NULL),
(103, 5, 7, NULL),
(103, 6, 9, NULL),
(104, 7, 11, NULL),
(104, 8, 13, NULL),
(104, 9, 15, NULL),
(104, 10, 17, NULL),
(104, 11, 19, NULL),
(105, 7, 11, NULL),
(105, 8, 13, NULL),
(105, 9, 15, NULL),
(105, 10, 17, NULL),
(105, 11, 19, NULL),
(106, 7, 11, NULL),
(106, 8, 13, NULL),
(106, 9, 15, NULL),
(106, 10, 17, NULL),
(106, 11, 19, NULL),
(107, 7, 11, NULL),
(107, 8, 13, NULL),
(107, 9, 15, NULL),
(107, 10, 17, NULL),
(107, 11, 19, NULL),
(108, 7, 11, NULL),
(108, 8, 13, NULL),
(108, 9, 16, NULL),
(108, 10, 17, NULL),
(108, 11, 19, NULL),
(109, 7, 11, NULL),
(109, 8, 13, NULL),
(109, 9, 16, NULL),
(109, 10, 17, NULL),
(109, 11, 19, NULL),
(110, 7, 11, NULL),
(110, 8, 13, NULL),
(110, 9, 15, NULL),
(110, 10, 17, NULL),
(110, 11, 19, NULL),
(111, 1, 3, NULL),
(111, 2, 1, NULL),
(111, 3, 5, NULL),
(111, 5, 7, NULL),
(111, 6, 9, NULL),
(112, 7, 11, NULL),
(112, 8, 13, NULL),
(112, 9, 15, NULL),
(112, 10, 17, NULL),
(112, 11, 19, NULL),
(113, 1, 3, NULL),
(113, 2, 2, NULL),
(113, 3, 5, NULL),
(113, 5, 7, NULL),
(113, 6, 9, NULL),
(114, 7, 12, NULL),
(114, 8, 14, NULL),
(114, 9, 16, NULL),
(114, 10, 18, NULL),
(114, 11, 20, NULL),
(115, 1, 3, NULL),
(115, 2, 1, NULL),
(115, 3, 5, NULL),
(115, 5, 7, NULL),
(115, 6, 9, NULL),
(116, 1, 3, NULL),
(116, 2, 1, NULL),
(116, 3, 5, NULL),
(116, 5, 7, NULL),
(116, 6, 9, NULL),
(117, 1, 3, NULL),
(117, 2, 1, NULL),
(117, 3, 5, NULL),
(117, 5, 7, NULL),
(117, 6, 9, NULL),
(118, 1, 3, NULL),
(118, 2, 1, NULL),
(118, 3, 5, NULL),
(118, 5, 7, NULL),
(118, 6, 9, NULL),
(119, 1, 3, NULL),
(119, 2, 1, NULL),
(119, 3, 5, NULL),
(119, 5, 7, NULL),
(119, 6, 9, NULL),
(120, 1, 3, NULL),
(120, 2, 1, NULL),
(120, 3, 5, NULL),
(120, 5, 7, NULL),
(120, 6, 9, NULL),
(121, 1, 3, NULL),
(121, 2, 1, NULL),
(121, 3, 5, NULL),
(121, 5, 7, NULL),
(121, 6, 9, NULL),
(122, 1, 3, NULL),
(122, 2, 1, NULL),
(122, 3, 5, NULL),
(122, 5, 7, NULL),
(122, 6, 9, NULL),
(123, 1, 3, NULL),
(123, 2, 1, NULL),
(123, 3, 5, NULL),
(123, 5, 7, NULL),
(123, 6, 9, NULL),
(124, 1, 3, NULL),
(124, 2, 1, NULL),
(124, 3, 5, NULL),
(124, 5, 7, NULL),
(124, 6, 9, NULL),
(125, 1, 3, NULL),
(125, 2, 1, NULL),
(125, 3, 5, NULL),
(125, 5, 7, NULL),
(125, 6, 9, NULL),
(126, 1, 3, NULL),
(126, 2, 1, NULL),
(126, 3, 5, NULL),
(126, 5, 7, NULL),
(126, 6, 9, NULL),
(127, 1, 3, NULL),
(127, 2, 1, NULL),
(127, 3, 5, NULL),
(127, 5, 7, NULL),
(127, 6, 9, NULL),
(128, 7, 11, NULL),
(128, 8, 13, NULL),
(128, 9, 15, NULL),
(128, 10, 17, NULL),
(128, 11, 19, NULL),
(129, 7, 11, NULL),
(129, 8, 13, NULL),
(129, 9, 15, NULL),
(129, 10, 17, NULL),
(129, 11, 19, NULL),
(130, 7, 11, NULL),
(130, 8, 13, NULL),
(130, 9, 15, NULL),
(130, 10, 17, NULL),
(130, 11, 19, NULL),
(131, 7, 11, NULL),
(131, 8, 13, NULL),
(131, 9, 15, NULL),
(131, 10, 17, NULL),
(131, 11, 19, NULL),
(132, 7, 11, NULL),
(132, 8, 13, NULL),
(132, 9, 15, NULL),
(132, 10, 17, NULL),
(132, 11, 19, NULL),
(133, 7, 11, NULL),
(133, 8, 13, NULL),
(133, 9, 15, NULL),
(133, 10, 17, NULL),
(133, 11, 19, NULL),
(134, 7, 11, NULL),
(134, 8, 13, NULL),
(134, 9, 15, NULL),
(134, 10, 17, NULL),
(134, 11, 20, NULL),
(135, 7, 11, NULL),
(135, 8, 13, NULL),
(135, 9, 15, NULL),
(135, 10, 17, NULL),
(135, 11, 20, NULL),
(136, 7, 11, NULL),
(136, 8, 13, NULL),
(136, 9, 15, NULL),
(136, 10, 17, NULL),
(136, 11, 20, NULL),
(137, 7, 11, NULL),
(137, 8, 13, NULL),
(137, 9, 15, NULL),
(137, 10, 17, NULL),
(137, 11, 20, NULL),
(138, 7, 11, NULL),
(138, 8, 13, NULL),
(138, 9, 15, NULL),
(138, 10, 17, NULL),
(138, 11, 20, NULL),
(139, 7, 11, NULL),
(139, 8, 13, NULL),
(139, 9, 15, NULL),
(139, 10, 17, NULL),
(139, 11, 20, NULL),
(140, 7, 12, NULL),
(140, 8, 13, NULL),
(140, 9, 16, NULL),
(140, 10, 17, NULL),
(140, 11, 20, NULL),
(141, 7, 12, NULL),
(141, 8, 14, NULL),
(141, 9, 16, NULL),
(141, 10, 18, NULL),
(141, 11, 20, NULL),
(142, 7, 11, NULL),
(142, 8, 13, NULL),
(142, 9, 16, NULL),
(142, 10, 18, NULL),
(142, 11, 20, NULL),
(143, 7, 12, NULL),
(143, 8, 14, NULL),
(143, 9, 16, NULL),
(143, 10, 18, NULL),
(143, 11, 20, NULL),
(144, 7, 12, NULL),
(144, 8, 14, NULL),
(144, 9, 16, NULL),
(144, 10, 18, NULL),
(144, 11, 20, NULL),
(145, 7, 12, NULL),
(145, 8, 14, NULL),
(145, 9, 16, NULL),
(145, 10, 18, NULL),
(145, 11, 20, NULL),
(146, 1, 3, NULL),
(146, 2, 1, NULL),
(146, 3, 5, NULL),
(146, 5, 7, NULL),
(146, 6, 9, NULL),
(147, 7, 11, NULL),
(147, 8, 13, NULL),
(147, 9, 16, NULL),
(147, 10, 18, NULL),
(147, 11, 19, NULL),
(148, 7, 11, NULL),
(148, 8, 13, NULL),
(148, 9, 16, NULL),
(148, 10, 18, NULL),
(148, 11, 19, NULL),
(149, 1, 3, NULL),
(149, 2, 2, NULL),
(149, 3, 5, NULL),
(149, 5, 7, NULL),
(149, 6, 9, NULL),
(150, 1, 3, NULL),
(150, 2, 1, NULL),
(150, 3, 5, NULL),
(150, 5, 7, NULL),
(150, 6, 9, NULL),
(151, 1, 3, NULL),
(151, 2, 1, NULL),
(151, 3, 5, NULL),
(151, 5, 7, NULL),
(151, 6, 9, NULL),
(152, 1, 3, NULL),
(152, 2, 1, NULL),
(152, 3, 5, NULL),
(152, 5, 7, NULL),
(152, 6, 9, NULL),
(153, 1, 3, NULL),
(153, 2, 1, NULL),
(153, 3, 5, NULL),
(153, 5, 7, NULL),
(153, 6, 9, NULL),
(154, 1, 3, NULL),
(154, 2, 1, NULL),
(154, 3, 5, NULL),
(154, 5, 7, NULL),
(154, 6, 9, NULL),
(155, 1, 3, NULL),
(155, 2, 1, NULL),
(155, 3, 5, NULL),
(155, 5, 7, NULL),
(155, 6, 9, NULL),
(156, 1, 3, NULL),
(156, 2, 1, NULL),
(156, 3, 5, NULL),
(156, 5, 7, NULL),
(156, 6, 9, NULL),
(157, 7, 11, NULL),
(157, 8, 14, NULL),
(157, 9, 15, NULL),
(157, 10, 18, NULL),
(157, 11, 19, NULL),
(158, 7, 11, NULL),
(158, 8, 13, NULL),
(158, 9, 16, NULL),
(158, 10, 18, NULL),
(158, 11, 19, NULL),
(159, 7, 11, NULL),
(159, 8, 14, NULL),
(159, 9, 15, NULL),
(159, 10, 17, NULL),
(159, 11, 19, NULL),
(160, 7, 11, NULL),
(160, 8, 13, NULL),
(160, 9, 15, NULL),
(160, 10, 17, NULL),
(160, 11, 19, NULL),
(161, 7, 11, NULL),
(161, 8, 13, NULL),
(161, 9, 15, NULL),
(161, 10, 17, NULL),
(161, 11, 20, NULL),
(162, 7, 12, NULL),
(162, 8, 14, NULL),
(162, 9, 16, NULL),
(162, 10, 18, NULL),
(162, 11, 20, NULL),
(163, 7, 12, NULL),
(163, 8, 14, NULL),
(163, 9, 16, NULL),
(163, 10, 18, NULL),
(163, 11, 20, NULL),
(164, 7, 11, NULL),
(164, 8, 14, NULL),
(164, 9, 15, NULL),
(164, 10, 18, NULL),
(164, 11, 19, NULL),
(165, 7, 11, NULL),
(165, 8, 14, NULL),
(165, 9, 15, NULL),
(165, 10, 18, NULL),
(165, 11, 19, NULL),
(166, 7, 12, NULL),
(166, 8, 14, NULL),
(166, 9, 15, NULL),
(166, 10, 18, NULL),
(166, 11, 20, NULL),
(167, 7, 11, NULL),
(167, 8, 13, NULL),
(167, 9, 16, NULL),
(167, 10, 18, NULL),
(167, 11, 19, NULL),
(168, 7, 11, NULL),
(168, 8, 13, NULL),
(168, 9, 16, NULL),
(168, 10, 18, NULL),
(168, 11, 20, NULL),
(169, 7, 11, NULL),
(169, 8, 13, NULL),
(169, 9, 15, NULL),
(169, 10, 18, NULL),
(169, 11, 20, NULL),
(170, 7, 12, NULL),
(170, 8, 14, NULL),
(170, 9, 16, NULL),
(170, 10, 18, NULL),
(170, 11, 20, NULL),
(171, 7, 11, NULL),
(171, 8, 13, NULL),
(171, 9, 15, NULL),
(171, 10, 17, NULL),
(171, 11, 19, NULL),
(172, 1, 3, NULL),
(172, 2, 1, NULL),
(172, 3, 5, NULL),
(172, 5, 7, NULL),
(172, 6, 9, NULL),
(173, 1, 3, NULL),
(173, 2, 1, NULL),
(173, 3, 5, NULL),
(173, 5, 7, NULL),
(173, 6, 9, NULL),
(174, 1, 3, NULL),
(174, 2, 1, NULL),
(174, 3, 5, NULL),
(174, 5, 7, NULL),
(174, 6, 9, NULL),
(175, 1, 3, NULL),
(175, 2, 1, NULL),
(175, 3, 5, NULL),
(175, 5, 7, NULL),
(175, 6, 9, NULL),
(176, 1, 3, NULL),
(176, 2, 1, NULL),
(176, 3, 5, NULL),
(176, 5, 7, NULL),
(176, 6, 9, NULL),
(177, 1, 3, NULL),
(177, 2, 1, NULL),
(177, 3, 5, NULL),
(177, 5, 7, NULL),
(177, 6, 9, NULL),
(178, 1, 3, NULL),
(178, 2, 2, NULL),
(178, 3, 5, NULL),
(178, 5, 8, NULL),
(178, 6, 9, NULL),
(179, 1, 3, NULL),
(179, 2, 2, NULL),
(179, 3, 6, NULL),
(179, 5, 7, NULL),
(179, 6, 10, NULL),
(180, 1, 4, NULL),
(180, 2, 2, NULL),
(180, 3, 5, NULL),
(180, 5, 8, NULL),
(180, 6, 9, NULL),
(181, 1, 3, NULL),
(181, 2, 2, NULL),
(181, 3, 5, NULL),
(181, 5, 7, NULL),
(181, 6, 10, NULL),
(182, 1, 4, NULL),
(182, 2, 2, NULL),
(182, 3, 6, NULL),
(182, 5, 7, NULL),
(182, 6, 10, NULL),
(183, 1, 4, NULL),
(183, 2, 2, NULL),
(183, 3, 5, NULL),
(183, 5, 8, NULL),
(183, 6, 10, NULL),
(184, 7, 11, NULL),
(184, 8, 13, NULL),
(184, 9, 16, NULL),
(184, 10, 18, NULL),
(184, 11, 19, NULL),
(185, 7, 11, NULL),
(185, 8, 13, NULL),
(185, 9, 15, NULL),
(185, 10, 18, NULL),
(185, 11, 20, NULL),
(186, 7, 12, NULL),
(186, 8, 13, NULL),
(186, 9, 15, NULL),
(186, 10, 17, NULL),
(186, 11, 20, NULL),
(187, 7, 12, NULL),
(187, 8, 14, NULL),
(187, 9, 16, NULL),
(187, 10, 18, NULL),
(187, 11, 20, NULL),
(188, 7, 12, NULL),
(188, 8, 14, NULL),
(188, 9, 15, NULL),
(188, 10, 17, NULL),
(188, 11, 19, NULL),
(189, 7, 11, NULL),
(189, 8, 14, NULL),
(189, 9, 16, NULL),
(189, 10, 18, NULL),
(189, 11, 19, NULL),
(190, 7, 12, NULL),
(190, 8, 13, NULL),
(190, 9, 16, NULL),
(190, 10, 17, NULL),
(190, 11, 20, NULL),
(191, 7, 11, NULL),
(191, 8, 13, NULL),
(191, 9, 15, NULL),
(191, 10, 17, NULL),
(191, 11, 19, NULL),
(192, 7, 11, NULL),
(192, 8, 13, NULL),
(192, 9, 15, NULL),
(192, 10, 17, NULL),
(192, 11, 19, NULL),
(193, 7, 11, NULL),
(193, 8, 14, NULL),
(193, 9, 15, NULL),
(193, 10, 18, NULL),
(193, 11, 19, NULL),
(194, 7, 12, NULL),
(194, 8, 13, NULL),
(194, 9, 16, NULL),
(194, 10, 18, NULL),
(194, 11, 20, NULL),
(195, 7, 12, NULL),
(195, 8, 14, NULL),
(195, 9, 16, NULL),
(195, 10, 18, NULL),
(195, 11, 19, NULL),
(196, 1, 3, NULL),
(196, 2, 1, NULL),
(196, 3, 6, NULL),
(196, 5, 8, NULL),
(196, 6, 10, NULL),
(197, 1, 3, NULL),
(197, 2, 1, NULL),
(197, 3, 5, NULL),
(197, 5, 7, NULL),
(197, 6, 9, NULL),
(198, 1, 3, NULL),
(198, 2, 1, NULL),
(198, 3, 5, NULL),
(198, 5, 7, NULL),
(198, 6, 9, NULL),
(199, 1, 4, NULL),
(199, 2, 2, NULL),
(199, 3, 6, NULL),
(199, 5, 8, NULL),
(199, 6, 10, NULL),
(200, 1, 3, NULL),
(200, 2, 2, NULL),
(200, 3, 5, NULL),
(200, 5, 8, NULL),
(200, 6, 9, NULL),
(201, 1, 3, NULL),
(201, 2, 1, NULL),
(201, 3, 5, NULL),
(201, 5, 7, NULL),
(201, 6, 10, NULL),
(202, 7, 11, NULL),
(202, 8, 13, NULL),
(202, 9, 15, NULL),
(202, 10, 17, NULL),
(202, 11, 19, NULL),
(203, 7, 11, NULL),
(203, 8, 13, NULL),
(203, 9, 16, NULL),
(203, 10, 17, NULL),
(203, 11, 20, NULL),
(204, 7, 11, NULL),
(204, 8, 14, NULL),
(204, 9, 15, NULL),
(204, 10, 17, NULL),
(204, 11, 19, NULL),
(205, 7, 12, NULL),
(205, 8, 14, NULL),
(205, 9, 16, NULL),
(205, 10, 18, NULL),
(205, 11, 20, NULL),
(206, 7, 11, NULL),
(206, 8, 13, NULL),
(206, 9, 15, NULL),
(206, 10, 17, NULL),
(206, 11, 19, NULL),
(207, 7, 11, NULL),
(207, 8, 13, NULL),
(207, 9, 15, NULL),
(207, 10, 18, NULL),
(207, 11, 19, NULL),
(208, 1, 3, NULL),
(208, 2, 1, NULL),
(208, 3, 5, NULL),
(208, 5, 7, NULL),
(208, 6, 9, NULL),
(209, 1, 3, NULL),
(209, 2, 1, NULL),
(209, 3, 5, NULL),
(209, 5, 7, NULL),
(209, 6, 9, NULL),
(210, 1, 3, NULL),
(210, 2, 1, NULL),
(210, 3, 5, NULL),
(210, 5, 8, NULL),
(210, 6, 9, NULL),
(211, 1, 3, NULL),
(211, 2, 1, NULL),
(211, 3, 5, NULL),
(211, 5, 7, NULL),
(211, 6, 9, NULL),
(212, 1, 3, NULL),
(212, 2, 1, NULL),
(212, 3, 5, NULL),
(212, 5, 7, NULL),
(212, 6, 9, NULL),
(213, 1, 3, NULL),
(213, 2, 1, NULL),
(213, 3, 5, NULL),
(213, 5, 7, NULL),
(213, 6, 9, NULL),
(214, 7, 11, NULL),
(214, 8, 13, NULL),
(214, 9, 15, NULL),
(214, 10, 17, NULL),
(214, 11, 20, NULL),
(215, 7, 12, NULL),
(215, 8, 13, NULL),
(215, 9, 15, NULL),
(215, 10, 18, NULL),
(215, 11, 20, NULL),
(216, 7, 11, NULL),
(216, 8, 14, NULL),
(216, 9, 15, NULL),
(216, 10, 18, NULL),
(216, 11, 19, NULL),
(217, 7, 11, NULL),
(217, 8, 14, NULL),
(217, 9, 15, NULL),
(217, 10, 18, NULL),
(217, 11, 19, NULL),
(218, 7, 11, NULL),
(218, 8, 14, NULL),
(218, 9, 15, NULL),
(218, 10, 17, NULL),
(218, 11, 19, NULL),
(219, 7, 11, NULL),
(219, 8, 14, NULL),
(219, 9, 15, NULL),
(219, 10, 18, NULL),
(219, 11, 19, NULL),
(220, 1, 3, NULL),
(220, 2, 1, NULL),
(220, 3, 5, NULL),
(220, 5, 8, NULL),
(220, 6, 9, NULL),
(221, 21, 45, NULL),
(221, 22, 51, NULL),
(221, 23, 55, NULL),
(221, 24, 57, NULL),
(221, 25, 59, NULL),
(221, 26, 60, NULL),
(221, 27, 63, NULL),
(221, 28, 65, NULL),
(222, 12, 21, NULL),
(222, 13, 23, NULL),
(222, 14, 29, NULL),
(222, 15, 33, NULL),
(222, 16, 35, NULL),
(222, 17, 37, NULL),
(222, 18, 40, NULL),
(222, 19, 42, NULL),
(222, 20, 43, NULL),
(229, 12, 21, ''),
(229, 13, 23, ''),
(229, 14, 29, ''),
(229, 15, 34, ''),
(229, 16, 35, ''),
(229, 17, 38, ''),
(229, 18, 39, ''),
(229, 19, 42, ''),
(229, 20, 43, ''),
(230, 12, 21, NULL),
(230, 13, 24, NULL),
(230, 14, 31, NULL),
(230, 15, 34, NULL),
(230, 16, 36, NULL),
(230, 17, 38, NULL),
(230, 18, 40, NULL),
(230, 19, 42, NULL),
(230, 20, 44, NULL),
(231, 12, 21, NULL),
(231, 13, 24, NULL),
(231, 14, 31, NULL),
(231, 15, 34, NULL),
(231, 16, 36, NULL),
(231, 17, 38, NULL),
(231, 18, 40, NULL),
(231, 19, 42, NULL),
(231, 20, 44, NULL),
(232, 12, 21, NULL),
(232, 13, 25, NULL),
(232, 14, 31, NULL),
(232, 15, 33, NULL),
(232, 16, 35, NULL),
(232, 17, 38, NULL),
(232, 18, 40, NULL),
(232, 19, 42, NULL),
(232, 20, 44, NULL),
(233, 12, 21, NULL),
(233, 13, 25, NULL),
(233, 14, 31, NULL),
(233, 15, 33, NULL),
(233, 16, 35, NULL),
(233, 17, 38, NULL),
(233, 18, 40, NULL),
(233, 19, 42, NULL),
(233, 20, 44, NULL),
(233, 29, 0, 'Alexandre Atenzi');

-- --------------------------------------------------------

--
-- Table structure for table `setor`
--

CREATE TABLE `setor` (
  `id` int(11) NOT NULL,
  `nome` varchar(45) NOT NULL
) ENGINE=InnoDB DEFAULT CHARSET=latin1;

--
-- Dumping data for table `setor`
--

INSERT INTO `setor` (`id`, `nome`) VALUES
(2, 'UTI - TMO'),
(3, 'UTI - NEONATAL'),
(4, 'UTI - ESPECIALIZADA'),
(5, 'UTI - SEMI-INTENSIVA');

-- --------------------------------------------------------

--
-- Table structure for table `usuario`
--

CREATE TABLE `usuario` (
  `id` int(11) NOT NULL,
  `nome` varchar(60) NOT NULL,
  `email` varchar(100) NOT NULL,
  `senha` varchar(32) NOT NULL,
  `ativo` tinyint(1) NOT NULL DEFAULT '1',
  `data_cadastro` timestamp NOT NULL DEFAULT CURRENT_TIMESTAMP,
  `cpf` varchar(45) CHARACTER SET dec8 NOT NULL,
  `id_perfil` int(11) NOT NULL,
  `chave` varchar(32) NOT NULL
) ENGINE=InnoDB DEFAULT CHARSET=latin1;

--
-- Dumping data for table `usuario`
--

INSERT INTO `usuario` (`id`, `nome`, `email`, `senha`, `ativo`, `data_cadastro`, `cpf`, `id_perfil`, `chave`) VALUES
(3, 'Francisco Carlos Molina', 'francisco.molina@enap.gov.br', 'c56d0e9a7ccec67b4ea131655038d604', 0, '2017-10-16 02:00:00', '00000000000', 1, '3c2be6e69e254eb6ac0dfece4b63ba01'),
(4, 'Admin', 'admin@enap.gov.br', '202cb962ac59075b964b07152d234b70', 1, '2017-11-01 02:00:00', '0000000000', 1, '9654d70a804218ea38c50617e5c75435'),
(22, 'Francisco Carlos Molina Duarte Júnior', 'francisco.molina', '93d36da30ded8bd17536d1c642636243', 1, '2017-11-17 19:53:50', '98920650187', 2, 'dcde4924e17a3c443dcaa7bdcf6bc8ee'),
(23, 'teste', 'teste1@teste.com', '202cb962ac59075b964b07152d234b70', 1, '2017-11-17 19:57:20', '555.555.555-55', 3, 'ecf33f5b2170425128749c6d4473dde5'),
(24, 'Eric Soares Dias', 'ericsoaresd@gmail.com', 'e10adc3949ba59abbe56e057f20f883e', 1, '2018-11-27 23:30:40', '444.444.444-44', 1, '189d4e66a41f85286085e7f8006a1925'),
(25, 'Flaviano O. Silva', 'fosbsb@gmail.com', 'd3426d47a74ac758a7167846d80ddcdc', 1, '2018-11-27 23:31:22', '722.408.221-04', 1, '32439f3ce713c1224772abb81d942c99'),
(26, 'Janaína de Paula Campos', 'janainasabrina@gmail.com', 'ba87017893b16b6fdad4ff18b391d56b', 1, '2018-11-28 02:00:43', '721.061.071-53', 2, '3f05aec20e0a23addaaf539c39b3d8b3'),
(28, 'TESTE OBRIGATORIO', 'fosbsb@e2f.com.br', '14e1b600b1fd579f47433b88e8d85291', 1, '2018-12-26 18:04:29', '123.456.789-12', 4, 'c24ba22397c15c4516f38e302434bfa8');

--
-- Indexes for dumped tables
--

--
-- Indexes for table `alternativa`
--
ALTER TABLE `alternativa`
  ADD PRIMARY KEY (`id`),
  ADD KEY `fk_alternativa_item1_idx` (`id_item`);

--
-- Indexes for table `checklist`
--
ALTER TABLE `checklist`
  ADD PRIMARY KEY (`id`),
  ADD KEY `fk_checklist_usuario1_idx` (`usuario_id`);

--
-- Indexes for table `checklist_item`
--
ALTER TABLE `checklist_item`
  ADD PRIMARY KEY (`id_checklist`,`id_item`),
  ADD KEY `fk_checklist_has_item_item1_idx` (`id_item`),
  ADD KEY `fk_checklist_has_item_checklist1_idx` (`id_checklist`);

--
-- Indexes for table `convenio`
--
ALTER TABLE `convenio`
  ADD PRIMARY KEY (`id`);

--
-- Indexes for table `internacao`
--
ALTER TABLE `internacao`
  ADD PRIMARY KEY (`id`),
  ADD KEY `fk_internacao_setor1_idx` (`id_setor`),
  ADD KEY `fk_internacao_paciente1_idx` (`id_paciente`);

--
-- Indexes for table `internacao_checklist`
--
ALTER TABLE `internacao_checklist`
  ADD PRIMARY KEY (`id_internacao`,`id_checklist`),
  ADD KEY `fk_internacao_has_checklist_checklist1_idx` (`id_checklist`),
  ADD KEY `fk_internacao_has_checklist_internacao1_idx` (`id_internacao`);

--
-- Indexes for table `item`
--
ALTER TABLE `item`
  ADD PRIMARY KEY (`id`);

--
-- Indexes for table `paciente`
--
ALTER TABLE `paciente`
  ADD PRIMARY KEY (`id`),
  ADD UNIQUE KEY `cpf_UNIQUE` (`cpf`),
  ADD KEY `fk_paciente_convenio1_idx` (`id_convenio`);

--
-- Indexes for table `perfil`
--
ALTER TABLE `perfil`
  ADD PRIMARY KEY (`id`);

--
-- Indexes for table `permissao`
--
ALTER TABLE `permissao`
  ADD PRIMARY KEY (`id`);

--
-- Indexes for table `permissao_perfil`
--
ALTER TABLE `permissao_perfil`
  ADD UNIQUE KEY `id_permissao` (`id_permissao`,`id_perfil`),
  ADD KEY `fk_permissao_perfil_permissao1_idx` (`id_permissao`),
  ADD KEY `fk_permissao_perfil_perfil1_idx` (`id_perfil`);

--
-- Indexes for table `resposta_checklist`
--
ALTER TABLE `resposta_checklist`
  ADD PRIMARY KEY (`id`),
  ADD KEY `fk_reposta_checklist_checklist1_idx` (`id_checklist`),
  ADD KEY `fk_reposta_checklist_internacao1_idx` (`id_internacao`);

--
-- Indexes for table `resposta_checklist_item`
--
ALTER TABLE `resposta_checklist_item`
  ADD KEY `fk_reposta_checklist_has_item_item1_idx` (`id_item`),
  ADD KEY `fk_reposta_checklist_has_item_reposta_checklist1_idx` (`id_resposta_checklist`);

--
-- Indexes for table `setor`
--
ALTER TABLE `setor`
  ADD PRIMARY KEY (`id`);

--
-- Indexes for table `usuario`
--
ALTER TABLE `usuario`
  ADD PRIMARY KEY (`id`) USING BTREE,
  ADD UNIQUE KEY `cpf_UNIQUE` (`cpf`),
  ADD UNIQUE KEY `email` (`email`),
  ADD UNIQUE KEY `chave` (`chave`),
  ADD KEY `fk_usuario_perfil1_idx` (`id_perfil`);

--
-- AUTO_INCREMENT for dumped tables
--

--
-- AUTO_INCREMENT for table `alternativa`
--
ALTER TABLE `alternativa`
  MODIFY `id` int(11) NOT NULL AUTO_INCREMENT, AUTO_INCREMENT=66;

--
-- AUTO_INCREMENT for table `checklist`
--
ALTER TABLE `checklist`
  MODIFY `id` int(11) NOT NULL AUTO_INCREMENT, AUTO_INCREMENT=7;

--
-- AUTO_INCREMENT for table `convenio`
--
ALTER TABLE `convenio`
  MODIFY `id` int(11) NOT NULL AUTO_INCREMENT, AUTO_INCREMENT=5;

--
-- AUTO_INCREMENT for table `internacao`
--
ALTER TABLE `internacao`
  MODIFY `id` int(11) NOT NULL AUTO_INCREMENT, AUTO_INCREMENT=37;

--
-- AUTO_INCREMENT for table `item`
--
ALTER TABLE `item`
  MODIFY `id` int(11) NOT NULL AUTO_INCREMENT, AUTO_INCREMENT=30;

--
-- AUTO_INCREMENT for table `paciente`
--
ALTER TABLE `paciente`
  MODIFY `id` int(11) NOT NULL AUTO_INCREMENT, AUTO_INCREMENT=65;

--
-- AUTO_INCREMENT for table `perfil`
--
ALTER TABLE `perfil`
  MODIFY `id` int(11) NOT NULL AUTO_INCREMENT, AUTO_INCREMENT=5;

--
-- AUTO_INCREMENT for table `permissao`
--
ALTER TABLE `permissao`
  MODIFY `id` int(11) NOT NULL AUTO_INCREMENT, AUTO_INCREMENT=24;

--
-- AUTO_INCREMENT for table `resposta_checklist`
--
ALTER TABLE `resposta_checklist`
  MODIFY `id` int(11) NOT NULL AUTO_INCREMENT, AUTO_INCREMENT=234;

--
-- AUTO_INCREMENT for table `setor`
--
ALTER TABLE `setor`
  MODIFY `id` int(11) NOT NULL AUTO_INCREMENT, AUTO_INCREMENT=7;

--
-- AUTO_INCREMENT for table `usuario`
--
ALTER TABLE `usuario`
  MODIFY `id` int(11) NOT NULL AUTO_INCREMENT, AUTO_INCREMENT=29;

--
-- Constraints for dumped tables
--

--
-- Constraints for table `alternativa`
--
ALTER TABLE `alternativa`
  ADD CONSTRAINT `fk_alternativa_item1` FOREIGN KEY (`id_item`) REFERENCES `item` (`id`);

--
-- Constraints for table `checklist`
--
ALTER TABLE `checklist`
  ADD CONSTRAINT `fk_checklist_usuario1` FOREIGN KEY (`usuario_id`) REFERENCES `usuario` (`id`);

--
-- Constraints for table `checklist_item`
--
ALTER TABLE `checklist_item`
  ADD CONSTRAINT `fk_checklist_has_item_checklist1` FOREIGN KEY (`id_checklist`) REFERENCES `checklist` (`id`),
  ADD CONSTRAINT `fk_checklist_has_item_item1` FOREIGN KEY (`id_item`) REFERENCES `item` (`id`);

--
-- Constraints for table `internacao`
--
ALTER TABLE `internacao`
  ADD CONSTRAINT `fk_internacao_paciente1` FOREIGN KEY (`id_paciente`) REFERENCES `paciente` (`id`),
  ADD CONSTRAINT `fk_internacao_setor1` FOREIGN KEY (`id_setor`) REFERENCES `setor` (`id`);

--
-- Constraints for table `internacao_checklist`
--
ALTER TABLE `internacao_checklist`
  ADD CONSTRAINT `fk_internacao_has_checklist_checklist1` FOREIGN KEY (`id_checklist`) REFERENCES `checklist` (`id`),
  ADD CONSTRAINT `fk_internacao_has_checklist_internacao1` FOREIGN KEY (`id_internacao`) REFERENCES `internacao` (`id`);

--
-- Constraints for table `paciente`
--
ALTER TABLE `paciente`
  ADD CONSTRAINT `fk_paciente_convenio1` FOREIGN KEY (`id_convenio`) REFERENCES `convenio` (`id`);

--
-- Constraints for table `permissao_perfil`
--
ALTER TABLE `permissao_perfil`
  ADD CONSTRAINT `fk_permissao_perfil_perfil1` FOREIGN KEY (`id_perfil`) REFERENCES `perfil` (`id`),
  ADD CONSTRAINT `fk_permissao_perfil_permissao1` FOREIGN KEY (`id_permissao`) REFERENCES `permissao` (`id`);

--
-- Constraints for table `resposta_checklist`
--
ALTER TABLE `resposta_checklist`
  ADD CONSTRAINT `fk_reposta_checklist_checklist1` FOREIGN KEY (`id_checklist`) REFERENCES `checklist` (`id`),
  ADD CONSTRAINT `fk_reposta_checklist_internacao1` FOREIGN KEY (`id_internacao`) REFERENCES `internacao` (`id`);

--
-- Constraints for table `resposta_checklist_item`
--
ALTER TABLE `resposta_checklist_item`
  ADD CONSTRAINT `fk_reposta_checklist_has_item_item1` FOREIGN KEY (`id_item`) REFERENCES `item` (`id`),
  ADD CONSTRAINT `fk_reposta_checklist_has_item_reposta_checklist1` FOREIGN KEY (`id_resposta_checklist`) REFERENCES `resposta_checklist` (`id`),
  ADD CONSTRAINT `fk_reposta_checklist_item_alternativa1` FOREIGN KEY (`id_resposta_alternativa`) REFERENCES `alternativa` (`id`);

--
-- Constraints for table `usuario`
--
ALTER TABLE `usuario`
  ADD CONSTRAINT `fk_usuario_perfil1` FOREIGN KEY (`id_perfil`) REFERENCES `perfil` (`id`);
COMMIT;
